{
  "toxic": {
    "precision": 0.49841626647593745,
    "recall": 0.8009852216748768,
    "f1-score": 0.6144737670844618,
    "support": 6090.0
  },
  "severe_toxic": {
    "precision": 0.17335766423357665,
    "recall": 0.776566757493188,
    "f1-score": 0.2834410740924913,
    "support": 367.0
  },
  "obscene": {
    "precision": 0.5234375,
    "recall": 0.7623950149011108,
    "f1-score": 0.62071247380611,
    "support": 3691.0
  },
  "threat": {
    "precision": 0.25963149078726966,
    "recall": 0.7345971563981043,
    "f1-score": 0.38366336633663367,
    "support": 211.0
  },
  "insult": {
    "precision": 0.5050405218422613,
    "recall": 0.7455500437700613,
    "f1-score": 0.6021682771623851,
    "support": 3427.0
  },
  "identity_hate": {
    "precision": 0.2883625128733265,
    "recall": 0.7865168539325843,
    "f1-score": 0.42200452147701584,
    "support": 712.0
  },
  "micro avg": {
    "precision": 0.4608481868469576,
    "recall": 0.7757621740929783,
    "f1-score": 0.5782073361951521,
    "support": 14498.0
  },
  "macro avg": {
    "precision": 0.3747076593687286,
    "recall": 0.7677685080283209,
    "f1-score": 0.48774391332651623,
    "support": 14498.0
  },
  "weighted avg": {
    "precision": 0.48433269141864627,
    "recall": 0.7757621740929783,
    "f1-score": 0.5919622521712531,
    "support": 14498.0
  },
  "samples avg": {
    "precision": 0.06113012806485563,
    "recall": 0.07133806412621005,
    "f1-score": 0.06252793337103568,
    "support": 14498.0
  }
}